dataset,layer_type,structure,experiment,timestep,mean_nnrd,std_nnrd,median_nnrd,q25_nnrd,q75_nnrd,min_nnrd,max_nnrd,n_successful,individual_scores
synth-coupled,gin,False,synth-coupled_gin_structFalse,2,0.010431231848745925,0.01855397217836257,0.004402087303889828,-0.0021339913400573217,0.019981882765121122,-0.008670069984004472,0.035561678226352415,3,"[0.004402087303889828, -0.008670069984004472, 0.035561678226352415]"
synth-coupled,gin,False,synth-coupled_gin_structFalse,3,0.0688332022771812,0.024707050423469813,0.057389740353846815,0.05167685765652234,0.08026781593617287,0.04596397495919787,0.10314589151849891,3,"[0.10314589151849891, 0.057389740353846815, 0.04596397495919787]"
synth-coupled,gin,False,synth-coupled_gin_structFalse,4,0.10116346151244532,0.007527206921353032,0.10219066695107079,0.09683231935688048,0.10600820638732289,0.09147397176269018,0.10982574582357499,3,"[0.10982574582357499, 0.09147397176269018, 0.10219066695107079]"
synth-coupled,gin,False,synth-coupled_gin_structFalse,5,0.10218947321294004,0.014716088700479387,0.09458346082301783,0.09189963995380294,0.10867630027711604,0.08921581908458806,0.12276913973121426,3,"[0.08921581908458806, 0.12276913973121426, 0.09458346082301783]"
synth-coupled,gin,False,synth-coupled_gin_structFalse,6,0.11246873938288628,0.01426453798689695,0.12030164910744635,0.10637712659970204,0.12247680702835056,0.09245260409195773,0.12465196494925478,3,"[0.12030164910744635, 0.12465196494925478, 0.09245260409195773]"
synth-coupled,gin,False,synth-coupled_gin_structFalse,7,0.13699817067156594,0.01428967014640834,0.13449195308967954,0.12768857008806342,0.14505466246412524,0.12088518708644728,0.15561737183857097,3,"[0.13449195308967954, 0.12088518708644728, 0.15561737183857097]"
synth-coupled,gin,False,synth-coupled_gin_structFalse,8,0.14476988821320988,0.009350931132699771,0.147664246981019,0.13990606157323499,0.1510808942370893,0.13214787616545098,0.15449754149315964,3,"[0.147664246981019, 0.13214787616545098, 0.15449754149315964]"
synth-coupled,gin,False,synth-coupled_gin_structFalse,9,0.13383461313601985,0.006901322217340252,0.13837206056024653,0.1312272825048585,0.13871066747929456,0.12408250444947047,0.13904927439834258,3,"[0.12408250444947047, 0.13904927439834258, 0.13837206056024653]"
synth-coupled,gin,False,synth-coupled_gin_structFalse,10,0.14374045021786216,0.008032644684089364,0.14845703546445238,0.14044465410976903,0.14939453894925042,0.13243227275508565,0.1503320424340485,3,"[0.1503320424340485, 0.14845703546445238, 0.13243227275508565]"
synth-coupled,gin,False,synth-coupled_gin_structFalse,11,0.1219060366795879,0.015679979969935205,0.11953757252708065,0.11176686034843018,0.130860980934492,0.10399614816977971,0.14218438934190336,3,"[0.14218438934190336, 0.11953757252708065, 0.10399614816977971]"
synth-coupled,gin,False,synth-coupled_gin_structFalse,12,0.1422051771079155,0.01391593806832415,0.14216067697967005,0.1336723369713976,0.15071576718031066,0.12518399696312515,0.15927085738095123,3,"[0.14216067697967005, 0.15927085738095123, 0.12518399696312515]"
synth-coupled,gin,False,synth-coupled_gin_structFalse,13,0.14475215123158267,0.004754165217413495,0.14350869814709663,0.14158019119996407,0.14730238472095825,0.13965168425283148,0.1510960712948199,3,"[0.1510960712948199, 0.14350869814709663, 0.13965168425283148]"
synth-coupled,gin,False,synth-coupled_gin_structFalse,14,0.13366401582093915,0.007370983969989429,0.12945553124233916,0.1284823184210141,0.13674147093156422,0.12750910559968906,0.14402741062078928,3,"[0.12750910559968906, 0.12945553124233916, 0.14402741062078928]"
synth-coupled,gin,False,synth-coupled_gin_structFalse,15,0.14445326318770366,0.010473531891462134,0.13768629029832102,0.13705629508245498,0.148466744848261,0.13642629986658897,0.15924719939820095,3,"[0.13642629986658897, 0.15924719939820095, 0.13768629029832102]"
synth-coupled,gin,False,synth-coupled_gin_structFalse,16,0.14802464082181696,0.00843111644784772,0.1422507390751118,0.14206391703021543,0.15109841374006588,0.14187709498531909,0.15994608840502,3,"[0.1422507390751118, 0.15994608840502, 0.14187709498531909]"
synth-coupled,gin,False,synth-coupled_gin_structFalse,17,0.13604234573835125,0.026602538614551623,0.1432140271341787,0.12184333194399993,0.15382720023061627,0.10047263675382119,0.16444037332705386,3,"[0.16444037332705386, 0.10047263675382119, 0.1432140271341787]"
synth-coupled,gin,False,synth-coupled_gin_structFalse,18,0.14908517951507413,0.007978306934477437,0.14776980948760512,0.14390395554187452,0.15360871847453922,0.14003810159614388,0.15944762746147334,3,"[0.14003810159614388, 0.14776980948760512, 0.15944762746147334]"
synth-coupled,gin,False,synth-coupled_gin_structFalse,19,0.14863356629810753,0.011639755230404955,0.14353822178334444,0.14058193644759043,0.1541375238912431,0.1376256511118364,0.16473682599914177,3,"[0.16473682599914177, 0.1376256511118364, 0.14353822178334444]"
synth-feature,gin,False,synth-feature_gin_structFalse,2,-0.34657359027997264,0.0,-0.34657359027997264,-0.34657359027997264,-0.34657359027997264,-0.34657359027997264,-0.34657359027997264,3,"[-0.34657359027997264, -0.34657359027997264, -0.34657359027997264]"
synth-feature,gin,False,synth-feature_gin_structFalse,3,-0.2750094329425037,0.0004731512466656425,-0.27492216041486395,-0.2752748846239972,-0.2747003449971903,-0.2756276088331304,-0.27447852957951663,3,"[-0.27492216041486395, -0.27447852957951663, -0.2756276088331304]"
synth-feature,gin,False,synth-feature_gin_structFalse,4,-0.253296512207854,0.0038182086667833677,-0.2507816577052947,-0.2547368990061827,-0.2505986981582456,-0.2586921403070707,-0.2504157386111965,3,"[-0.2586921403070707, -0.2504157386111965, -0.2507816577052947]"
synth-feature,gin,False,synth-feature_gin_structFalse,5,-0.23203305850587697,0.0018914596658612148,-0.23116080764455776,-0.23290996306489442,-0.23072002851619994,-0.23465911848523105,-0.2302792493878421,3,"[-0.23116080764455776, -0.2302792493878421, -0.23465911848523105]"
synth-feature,gin,False,synth-feature_gin_structFalse,6,-0.22448418496305886,0.00471390078684419,-0.22268778594381375,-0.2268149684731104,-0.2212552019433848,-0.230942151002407,-0.21982261794295585,3,"[-0.22268778594381375, -0.21982261794295585, -0.230942151002407]"
synth-feature,gin,False,synth-feature_gin_structFalse,7,-0.22459958324676002,0.001083339542055916,-0.22501926888980725,-0.2253425357727188,-0.22406647354232487,-0.22566580265563033,-0.22311367819484249,3,"[-0.22501926888980725, -0.22311367819484249, -0.22566580265563033]"
synth-feature,gin,False,synth-feature_gin_structFalse,8,-0.229472688029046,0.006102811226205957,-0.23025304728941978,-0.2333896636854375,-0.2259458920028414,-0.23652628008145526,-0.22163873671626302,3,"[-0.23025304728941978, -0.23652628008145526, -0.22163873671626302]"
synth-feature,gin,False,synth-feature_gin_structFalse,9,-0.2253186938078695,0.010978649279336321,-0.22518580469806793,-0.2320082474704862,-0.21856269559035202,-0.23883069024290451,-0.21193958648263614,3,"[-0.21193958648263614, -0.23883069024290451, -0.22518580469806793]"
synth-feature,gin,False,synth-feature_gin_structFalse,10,-0.21704876892923888,0.005444061456342836,-0.2148236709378554,-0.21968402274503887,-0.21330096611774718,-0.22454437455222234,-0.21177826129763896,3,"[-0.2148236709378554, -0.21177826129763896, -0.22454437455222234]"
synth-feature,gin,False,synth-feature_gin_structFalse,11,-0.21645882595079036,0.0030436058391701535,-0.21669495448389303,-0.21837887173549614,-0.2146568444326359,-0.22006278898709927,-0.2126187343813788,3,"[-0.2126187343813788, -0.21669495448389303, -0.22006278898709927]"
synth-feature,gin,False,synth-feature_gin_structFalse,12,-0.20850600492531723,0.004096881423584358,-0.206399505346449,-0.21031650704584437,-0.205642253015356,-0.21423350874523972,-0.20488500068426296,3,"[-0.20488500068426296, -0.21423350874523972, -0.206399505346449]"
synth-feature,gin,False,synth-feature_gin_structFalse,13,-0.21097950161904655,0.007803819639192554,-0.21529130332371102,-0.2164564768231126,-0.2076584272673127,-0.21762165032251418,-0.20002555121091442,3,"[-0.21762165032251418, -0.21529130332371102, -0.20002555121091442]"
synth-feature,gin,False,synth-feature_gin_structFalse,14,-0.20987596181583448,0.005324407073328063,-0.20755560405855417,-0.21239772347434416,-0.20619402127868466,-0.21723984289013418,-0.20483243849881516,3,"[-0.20483243849881516, -0.20755560405855417, -0.21723984289013418]"
synth-feature,gin,False,synth-feature_gin_structFalse,15,-0.20950507217241995,0.0028928540197919557,-0.20917998680168046,-0.21118970330411171,-0.20765789835535844,-0.21319941980654297,-0.20613580990903643,3,"[-0.21319941980654297, -0.20917998680168046, -0.20613580990903643]"
synth-feature,gin,False,synth-feature_gin_structFalse,16,-0.20219762210154987,0.006178205304996274,-0.2009394561945077,-0.20562701221800767,-0.19813914903157098,-0.21031456824150765,-0.1953388418686343,3,"[-0.2009394561945077, -0.21031456824150765, -0.1953388418686343]"
synth-feature,gin,False,synth-feature_gin_structFalse,17,-0.20718187374025124,0.007328085639945099,-0.20462136202211584,-0.21089013900606907,-0.2021933526153657,-0.21715891599002227,-0.19976534320861558,3,"[-0.19976534320861558, -0.21715891599002227, -0.20462136202211584]"
synth-feature,gin,False,synth-feature_gin_structFalse,18,-0.21759717850305824,0.002003406761994502,-0.21714349605467462,-0.2186947582169356,-0.21627275756498907,-0.22024602037919658,-0.2154020190753035,3,"[-0.2154020190753035, -0.22024602037919658, -0.21714349605467462]"
synth-feature,gin,False,synth-feature_gin_structFalse,19,-0.21217023000340843,0.007266390606286878,-0.2154631398970691,-0.2172085555477134,-0.2087783594059338,-0.21895397119835766,-0.20209357891479854,3,"[-0.21895397119835766, -0.20209357891479854, -0.2154631398970691]"
synth-easy,gin,False,synth-easy_gin_structFalse,2,-0.34657359027997264,0.0,-0.34657359027997264,-0.34657359027997264,-0.34657359027997264,-0.34657359027997264,-0.34657359027997264,3,"[-0.34657359027997264, -0.34657359027997264, -0.34657359027997264]"
synth-easy,gin,False,synth-easy_gin_structFalse,3,-0.2828317524639869,0.0022350693629832994,-0.2838226335971144,-0.28437917641744026,-0.2817797690770973,-0.28493571923776606,-0.27973690455708017,3,"[-0.28493571923776606, -0.27973690455708017, -0.2838226335971144]"
synth-easy,gin,False,synth-easy_gin_structFalse,4,-0.25706172502560326,0.008671500066039919,-0.2546084346484802,-0.2616512476826521,-0.25124555717999286,-0.26869406071682395,-0.24788267971150552,3,"[-0.26869406071682395, -0.24788267971150552, -0.2546084346484802]"
synth-easy,gin,False,synth-easy_gin_structFalse,5,-0.24066881157201614,0.004071463052929858,-0.23983906961603463,-0.24292860445215902,-0.23799414771388253,-0.24601813928828342,-0.23614922581173042,3,"[-0.23983906961603463, -0.24601813928828342, -0.23614922581173042]"
synth-easy,gin,False,synth-easy_gin_structFalse,6,-0.23137187461599593,0.0022288012533748128,-0.23229868067397583,-0.23290809763651682,-0.23029905462446498,-0.2335175145990578,-0.22829942857495414,3,"[-0.22829942857495414, -0.2335175145990578, -0.23229868067397583]"
synth-easy,gin,False,synth-easy_gin_structFalse,7,-0.2221624663625129,0.008334789328018706,-0.22288518457052106,-0.2274375381380177,-0.21724875369101218,-0.23198989170551437,-0.2116123228115033,3,"[-0.2116123228115033, -0.23198989170551437, -0.22288518457052106]"
synth-easy,gin,False,synth-easy_gin_structFalse,8,-0.22406199985340955,0.0035672680301529567,-0.22549574467185712,-0.2265148562430075,-0.22232601587303538,-0.22753396781415786,-0.21915628707421364,3,"[-0.22753396781415786, -0.21915628707421364, -0.22549574467185712]"
synth-easy,gin,False,synth-easy_gin_structFalse,9,-0.23565165704786417,0.008519995739588374,-0.23891752548449816,-0.24149022701886885,-0.2314460212951765,-0.24406292855323958,-0.22397451710585484,3,"[-0.22397451710585484, -0.23891752548449816, -0.24406292855323958]"
synth-easy,gin,False,synth-easy_gin_structFalse,10,-0.21201973671619415,0.001374749715971881,-0.21189426186759816,-0.2128284717504843,-0.21114826425760597,-0.21376268163337048,-0.2104022666476138,3,"[-0.21189426186759816, -0.21376268163337048, -0.2104022666476138]"
synth-easy,gin,False,synth-easy_gin_structFalse,11,-0.21200611720683712,0.003680897686880248,-0.21063800079012412,-0.2138389274515914,-0.20948924875372638,-0.21703985411305868,-0.20834049671732863,3,"[-0.20834049671732863, -0.21703985411305868, -0.21063800079012412]"
synth-easy,gin,False,synth-easy_gin_structFalse,12,-0.21663125072598508,0.009177084053049352,-0.21720100975041456,-0.22238806574933412,-0.21115931521485076,-0.22757512174825367,-0.205117620679287,3,"[-0.22757512174825367, -0.21720100975041456, -0.205117620679287]"
synth-easy,gin,False,synth-easy_gin_structFalse,13,-0.20955809258856117,0.006021305956520789,-0.2115148928063148,-0.21363589919059917,-0.2064586860954,-0.21575690557488356,-0.2014024793844852,3,"[-0.21575690557488356, -0.2115148928063148, -0.2014024793844852]"
synth-easy,gin,False,synth-easy_gin_structFalse,14,-0.20693869686726604,0.0050954047422756684,-0.2046477531873146,-0.2093243560790547,-0.20340756581550168,-0.2140009589707948,-0.20216737844368873,3,"[-0.2140009589707948, -0.20216737844368873, -0.2046477531873146]"
synth-easy,gin,False,synth-easy_gin_structFalse,15,-0.21484342339444754,0.01159217697131308,-0.20767091333162757,-0.21943355866023645,-0.20666703309724865,-0.23119620398884536,-0.2056631528628697,3,"[-0.2056631528628697, -0.23119620398884536, -0.20767091333162757]"
synth-easy,gin,False,synth-easy_gin_structFalse,16,-0.20926836266941784,0.006765080065464052,-0.21370122898417868,-0.21404780978482196,-0.20670534871139415,-0.21439439058546525,-0.19970946843860962,3,"[-0.21370122898417868, -0.21439439058546525, -0.19970946843860962]"
synth-easy,gin,False,synth-easy_gin_structFalse,17,-0.20541604713702152,0.012985202332464717,-0.21375680042061213,-0.2145854978651722,-0.2004169730506661,-0.21541419530973227,-0.1870771456807201,3,"[-0.21375680042061213, -0.1870771456807201, -0.21541419530973227]"
synth-easy,gin,False,synth-easy_gin_structFalse,18,-0.2116034733232217,0.006905256631121244,-0.2156304493634017,-0.2164625364948669,-0.2087578981716665,-0.21729462362633215,-0.20188534697993135,3,"[-0.20188534697993135, -0.21729462362633215, -0.2156304493634017]"
synth-easy,gin,False,synth-easy_gin_structFalse,19,-0.2028519056395298,0.005582504015543416,-0.20467224862863986,-0.20663344934448674,-0.19998053342912786,-0.20859465006033365,-0.19528881822961583,3,"[-0.20859465006033365, -0.20467224862863986, -0.19528881822961583]"
synth-structure,gin,False,synth-structure_gin_structFalse,2,0.34656149907348505,1.1023781736681277e-05,0.3465639762450196,0.34655545347024125,0.3465687832624961,0.3465469306954629,0.34657359027997264,3,"[0.3465639762450196, 0.3465469306954629, 0.34657359027997264]"
synth-structure,gin,False,synth-structure_gin_structFalse,3,0.3233146281224429,0.00520551726456928,0.321768986755487,0.31981155451844895,0.3260448810429589,0.3178541222814109,0.3303207753304308,3,"[0.321768986755487, 0.3178541222814109, 0.3303207753304308]"
synth-structure,gin,False,synth-structure_gin_structFalse,4,0.32502954490677466,0.0055700564834946275,0.3278505242139195,0.3225500664074509,0.3289195130596709,0.3172496086009823,0.3299885019054222,3,"[0.3278505242139195, 0.3172496086009823, 0.3299885019054222]"
synth-structure,gin,False,synth-structure_gin_structFalse,5,0.3118548564464729,0.0019264337299703842,0.3123381305044692,0.3108146888485871,0.3131366610733568,0.30929124719270495,0.3139351916422445,3,"[0.3139351916422445, 0.30929124719270495, 0.3123381305044692]"
synth-structure,gin,False,synth-structure_gin_structFalse,6,0.3146863105441983,0.003973982162755337,0.31203217347301687,0.311877696519705,0.31616785603310094,0.31172321956639304,0.32030353859318494,3,"[0.31203217347301687, 0.31172321956639304, 0.32030353859318494]"
synth-structure,gin,False,synth-structure_gin_structFalse,7,0.3127255016706542,0.0028959724509006017,0.3120022467175943,0.3107991463717827,0.31429022949299573,0.3095960460259711,0.31657821226839716,3,"[0.31657821226839716, 0.3095960460259711, 0.3120022467175943]"
synth-structure,gin,False,synth-structure_gin_structFalse,8,0.3080878992153553,0.006671366478691151,0.30928550066534116,0.3043349851430272,0.3124396140126763,0.29938446962071324,0.31559372736001146,3,"[0.29938446962071324, 0.31559372736001146, 0.30928550066534116]"
synth-structure,gin,False,synth-structure_gin_structFalse,9,0.32128997398143017,0.005581872537842024,0.3231317680486855,0.31842657692784515,0.3250742680686428,0.3137213858070048,0.32701676808860014,3,"[0.3137213858070048, 0.32701676808860014, 0.3231317680486855]"
synth-structure,gin,False,synth-structure_gin_structFalse,10,0.3099706578373626,0.008216481042720047,0.31490329351471524,0.3066481151081084,0.31575951840529315,0.29839293670150163,0.316615743295871,3,"[0.31490329351471524, 0.29839293670150163, 0.316615743295871]"
synth-structure,gin,False,synth-structure_gin_structFalse,11,0.308601434197971,0.002132059352675181,0.30921740793076474,0.30747734822289935,0.31003350703943944,0.30573728851503396,0.31084960614811413,3,"[0.30573728851503396, 0.31084960614811413, 0.30921740793076474]"
synth-structure,gin,False,synth-structure_gin_structFalse,12,0.3087097009308893,0.007042826343799257,0.3131959482878475,0.305980701354812,0.3136818241854457,0.29876545442177643,0.3141677000830439,3,"[0.3141677000830439, 0.29876545442177643, 0.3131959482878475]"
synth-structure,gin,False,synth-structure_gin_structFalse,13,0.31273373228904333,0.007858276382283999,0.307408212581089,0.3071786723484089,0.31562603237570064,0.3069491321157288,0.32384385217031225,3,"[0.3069491321157288, 0.307408212581089, 0.32384385217031225]"
synth-structure,gin,False,synth-structure_gin_structFalse,14,0.30981161458674084,0.012019653897206075,0.309017330464861,0.30226057876099255,0.31696550835154924,0.29550382705712414,0.32491368623823746,3,"[0.309017330464861, 0.29550382705712414, 0.32491368623823746]"
synth-structure,gin,False,synth-structure_gin_structFalse,15,0.3004108145448926,0.004169405400589842,0.29927378012897626,0.29762124774408083,0.30263186413774623,0.29596871535918545,0.30598994814651614,3,"[0.29596871535918545, 0.29927378012897626, 0.30598994814651614]"
synth-structure,gin,False,synth-structure_gin_structFalse,16,0.3048420880282839,0.01232556887749623,0.3091889446337069,0.29861942292299665,0.3132381814362827,0.2880499012122864,0.31728741823885853,3,"[0.2880499012122864, 0.31728741823885853, 0.3091889446337069]"
synth-structure,gin,False,synth-structure_gin_structFalse,17,0.30704929962945454,0.0017317880736548378,0.3067198174293258,0.3059160703819839,0.30801778777686084,0.305112323334642,0.30931575812439593,3,"[0.3067198174293258, 0.305112323334642, 0.30931575812439593]"
synth-structure,gin,False,synth-structure_gin_structFalse,18,0.30862696619643026,0.004318545276268508,0.30958086323825806,0.30625333832067747,0.31147754259309696,0.30292581340309693,0.31337422194793585,3,"[0.30958086323825806, 0.31337422194793585, 0.30292581340309693]"
synth-structure,gin,False,synth-structure_gin_structFalse,19,0.21423592886009266,0.1352155147043606,0.3041832992467811,0.16365267489610316,0.3097928680174264,0.02312205054542519,0.31540243678807167,3,"[0.31540243678807167, 0.3041832992467811, 0.02312205054542519]"
